Date,Actual_Close,Predicted_Close
3116,23.0,23.940723392444006
909,7.139153957,7.409594974530823
6733,118.6100006,122.39829496390828
4713,48.125,52.23266684653914
2591,24.58677673,27.084796158325993
9792,122.4700012,126.32778795952365
8813,135.5200043,136.83782713285967
3510,35.125,36.37209087048505
7154,89.05000305,91.5081688665735
4076,44.375,45.600871188793214
4593,50.5,50.75798360683306
2480,28.61570168,28.98430746238428
6132,79.01000214,81.83721343662926
5100,93.8125,97.62245226392274
1481,9.65124321,9.730203999766132
11074,238.0399933,226.3615834212679
923,7.394123077,7.537989985431158
4648,47.0,48.43175567685066
9676,128.4499969,134.80188633376088
9088,99.51000214,107.68555152120297
3414,30.75,31.985102551590746
4899,64.0625,68.06206834239185
116,3.961513996,4.356407409215454
3921,36.25,36.51969682186027
4157,48.125,49.936273225745886
1892,20.6143055,20.60119839171727
8456,127.3199997,130.2341362109047
2024,27.64191055,28.516551129267228
8311,104.4499969,101.50099893605751
6328,72.65000153,75.22537896935332
8076,85.63999939,84.69707874804456
9864,122.5,123.66629464439062
7151,91.81999969,89.42934715084878
7473,79.06999969,79.2002293999711
10616,171.0,169.2422973684687
10859,135.2599945,136.81651151749458
9324,112.0899963,112.84262612097564
3719,41.75,42.6667665595722
4468,54.9375,53.339673803192
7701,71.58000183,71.02952565694655
617,4.589456081,5.135344129763457
6939,115.0599976,113.06879274632348
1031,7.904063225,8.59774900336803
6522,101.6100006,101.40958808157104
8272,93.93000031,93.13788757368013
3256,23.125,22.568102868486825
756,5.949295044,6.015591403971856
633,4.249495983,4.655237622842511
6954,112.6299973,117.34532127037275
9839,119.8799973,120.28322184664628
9109,101.2699966,103.17395253527543
3290,25.875,24.83496438763653
7157,82.63999939,88.39752104732332
3866,42.125,39.95662976486813
5155,86.25,85.71490857734187
2701,24.20454407,24.553803082178597
9704,122.2799988,119.98132898183141
10268,143.0700073,137.47059871286248
9341,105.5,110.34118205785529
7617,72.05000305,74.31067286896688
892,7.309134007,7.788099347675912
2760,24.54545593,24.341203938610583
7104,105.2099991,101.80789681790075
4338,62.875,61.721647326328615
8972,123.5500031,123.22211691237024
10376,160.6600037,152.1021687437587
4873,64.5,61.827642297099494
3982,41.5,41.395720668877935
5647,47.40000153,48.03051589777223
3036,20.375,20.725550649631483
9110,101.9599991,102.27692855122979
2263,30.30303001,31.196156774954314
110,3.975562096,4.216430627317768
9442,112.2900009,112.90069043273901
6082,75.0,73.21042256318546
11125,227.2400055,230.2937145405454
3388,32.25,31.826066853255906
6230,76.47000122,77.55947106221406
5138,83.1875,91.00349043935296
3542,37.875,38.993761812728366
11193,182.6699982,170.9866589176248
10739,137.0700073,134.11899127142846
8828,143.8099976,139.5774310416934
5593,57.11000061,54.75156709505268
10881,142.2200012,143.004518864104
7538,72.84999847,81.63159090766396
8340,111.6600037,108.87466506022912
4589,51.0,52.228192357384046
10994,175.1799927,174.48026661642055
8596,108.1500015,107.70502868664398
11255,172.3500061,174.3597929450146
804,6.459234238,7.000548480971938
5903,52.25,50.35115144781661
6896,123.1900024,125.6374289298403
7895,84.63999939,82.27702698410225
9276,118.5500031,121.07069035123527
2154,29.14113235,28.63030003734769
4691,46.8125,44.16940504061519
5219,81.41999817,82.18088742785983
11081,247.9400024,240.10028919707543
753,5.864305019,5.990821497639871
5693,46.27999878,49.06611004750042
5015,85.75,81.37264571731492
10556,199.6600037,194.73271084325808
7789,84.75,81.56744395279455
7997,65.72000122,60.85306513739978
10134,126.4800034,123.79839411225969
1500,9.744944572,9.958708223711305
5295,67.44999695,69.51243343729854
2993,23.25,22.692620183323246
388,5.253922939,6.0994415033496265
5765,51.5,52.80471122777123
4571,53.0,52.019424979345374
2193,30.35925102,28.918602313835127
1222,7.139153957,7.209476487770366
5174,80.1875,85.26011155700058
8099,81.77999878,79.75551426942916
10352,156.2200012,154.6396795721964
9845,122.0599976,120.70238103551411
1816,18.74027824,18.15123756925172
6129,79.47000122,79.77451998678484
5480,50.0,52.48416826859063
7597,76.08999634,76.99668812600346
4165,48.875,48.801276148911654
767,6.034285069,6.405035899227784
10605,168.4400024,176.6860237778568
10797,144.1799927,138.83290678165696
3604,44.125,42.75631542249997
4730,51.3125,51.25775863831815
1525,11.61897278,11.078065289503956
2398,28.61570168,28.40084748276398
5957,59.97999954,62.796912736239875
8522,120.1699982,121.58838916839147
6190,76.37999725,75.95929868594061
6507,106.8499985,103.35872539573604
9268,121.6699982,123.04491413016804
10913,161.7700043,160.7744456913703
6763,129.4299927,134.5048999787368
8683,115.0800018,116.91848192126697
10807,146.6199951,145.2870552008647
2885,23.375,23.21822840766503
8525,120.3300018,120.40792761889894
6348,72.45999908,73.3161797588589
5749,53.08000183,50.98700994581178
8736,117.9700012,121.75570225849914
1290,7.317633152,7.4227304633065145
2176,29.70334053,28.498156422493604
1993,21.64502144,21.902502713163813
9148,99.98999786,109.92994442558496
2097,27.64191055,25.791312379952526
9105,101.6999969,107.50010830770701
9554,136.5700073,136.43809026420857
2346,30.68181801,29.910014141200918
1286,7.228393078,7.17506976687187
1990,21.55131912,21.901818940219304
8889,135.4799957,135.57012281969355
3536,39.875,39.492998759088294
8653,118.7099991,120.27325787422589
3360,28.25,29.042142541203102
7311,60.45999908,58.50750903275323
1187,6.960674763,7.406332101804818
227,4.017705917,4.416147665169556
4709,51.0,48.868771505567956
4109,51.0,47.79825251686252
5757,53.09999847,54.11155727898111
1169,7.763830185,8.020123069446122
11115,225.3600006,232.97751235767709
5721,51.59000015,51.4965820258101
4103,48.25,45.897077412298266
1217,6.960674763,7.263651954810312
10364,150.7700043,154.82799929525228
2660,25.45454407,23.981017678686253
9274,117.0400009,121.24774777260626
542,5.640240192,5.72534623640355
7662,74.25,70.12110932431025
492,4.7903409,5.339141603085922
10873,140.8500061,135.14974944261206
9998,143.8699951,142.6416086901424
3473,32.125,32.82830043027985
4388,61.375,60.70733158632154
1710,20.14579964,21.154514521597083
682,5.354364872,5.5400933816869244
9239,113.8099976,114.55722067295281
4273,55.375,51.32579508442854
8883,135.4900055,135.6773417561369
3556,39.0,38.14141927826859
10976,173.0399933,182.79067819338843
6269,78.58999634,81.23481523491296
2055,28.11041832,28.749085576540054
1585,14.14890957,14.163641878401144
9872,118.4000015,119.5036964990641
941,8.329012871,8.364473850991558
42,3.933418036,4.264280183227125
330,6.967769146,7.405821505019301
4711,48.0,52.70604049315708
11170,206.6000061,201.09420956668393
11129,219.5500031,230.60092133243577
128,3.919369936,4.507092291678022
7733,75.66000366,73.76998356336898
2078,26.98600006,26.862895418770993
4122,47.125,48.96869827232991
6793,135.5,136.25304653575395
8412,122.5899963,130.00942009309648
3420,32.0,32.04904534115444
1427,8.058320045,8.36285879886892
5720,53.24000168,52.011860382310466
1697,19.8646946,18.925996462265122
3087,23.375,23.260962782578215
4035,41.5,42.94709352390699
9841,121.0699997,120.96533118953045
1411,7.589813232,7.906166622763917
10244,137.0700073,131.21934420135202
260,4.537478924,4.688189154970863
6856,120.3199997,121.13597748946167
8509,118.6500015,122.60039063668245
8036,73.11000061,71.17727968717404
10576,176.0899963,181.93425371000367
6146,78.93000031,78.25077040460508
1228,7.58535099,7.400321425182566
8520,120.6299973,118.68536495662366
4104,47.75,45.78681526684132
5623,52.0,50.59848244117199
1019,8.329012871,8.020341292117463
770,5.949295044,6.14900905731729
10723,135.5899963,135.8345585924414
1652,18.27177238,20.455292158022623
158,4.158185005,4.834980213317934
8032,72.33000183,67.80051862400275
8230,81.23999786,77.69912035969169
4837,56.75,58.80762165084394
5659,49.88999939,51.12490042274402
9366,106.4599991,109.8770064553016
470,5.593882084,5.985824891306297
3458,32.75,33.41051303053928
11185,169.6000061,193.3053625806933
1156,7.58535099,7.814093651177361
5668,48.29999924,51.19152656420455
2769,25.56818199,25.01294847136453
11003,187.7400055,189.57673114193702
6657,107.1100006,103.31834721543288
9793,122.8300018,125.8826771060332
8782,128.8800049,125.87988250717032
8459,128.0099945,130.11105062558454
11214,173.1499939,175.0236899753707
10403,178.1000061,175.499633114932
9902,125.7900009,124.8312581518487
4957,68.25,68.73482792535766
4522,56.3125,56.608804929381684
1050,7.734083176,8.356398930211924
9466,120.9700012,121.40982929062268
3533,39.75,39.59475555552022
8960,118.3399963,117.64842571014594
10299,142.6399994,150.0222869310692
9208,117.0999985,115.69669979578624
4193,48.625,49.446549870729825
7291,65.44999695,68.58486851174102
4541,52.0,55.31641383951462
1077,7.564103127,7.666478442625328
1291,7.317633152,7.506630204574572
1442,8.526826859,8.759759917747354
1507,9.932348251,10.174002070234229
313,6.714906216,6.941712202753565
10048,141.5500031,141.35953438125065
6726,124.8199997,120.53450969638905
1532,12.08747959,12.369279129711789
2628,24.54545593,24.552642810294625
5663,51.15000153,48.969070552137595
5911,57.54999924,55.45515956789027
9674,131.0500031,133.27293695596148
2883,21.5,23.46036548768295
4218,54.25,52.193363897564474
10951,168.0500031,165.91196038008786
4883,66.375,64.79933848220615
7992,60.38999939,63.69118665583433
6046,70.54000092,69.08918363504762
7381,76.05999756,76.90877740100169
10373,155.2299957,152.80505537304333
9052,105.2600021,110.76256260853442
1518,10.40085506,10.100900590711444
3951,37.625,37.32664594671584
4886,65.75,66.86873297988569
1932,20.42690468,19.59413946860251
11246,173.0200043,170.2248527066545
11216,183.4700012,177.04857339194686
8999,123.8600006,124.57093922013006
9197,118.6600037,120.80870356119043
10519,180.7700043,182.58914343774865
4859,61.625,58.47632210279244
8799,131.0200043,132.1777360119294
4801,54.25,56.99400786735374
9529,132.1600037,128.3120797338717
7200,78.09999847,90.13790653920819
10122,116.9499969,121.9349676018231
5742,50.65000153,51.4044251009458
223,4.116041183,4.577284849631773
7544,74.15000153,75.70735302775397
8650,118.0500031,121.69968034683885
50,3.973555088,4.244785934505808
355,7.290871143,7.662244010106042
9772,113.9599991,120.1786628315902
9685,123.2799988,125.24036727516271
5109,94.1875,93.15847640047447
1700,19.95839691,19.706973935273854
1632,16.86625099,15.712331075207116
4752,50.5,52.929539866649144
9469,121.6699982,119.4618717927903
7221,76.66000366,62.63712733907308
2893,22.375,22.51972536744683
6334,73.0,72.28136126629606
10426,181.4199982,177.58846125427348
5740,51.93000031,51.1269119502791
5408,64.94999695,65.49139391175538
8690,116.3899994,114.52118601037684
8151,76.55000305,80.25682111994047
5661,49.99000168,49.87029734928487
9974,135.4499969,132.42189913616642
2223,31.97559929,31.633043804999176
1571,14.33631325,13.364778227053048
1729,17.80326462,18.154769094610415
1127,8.210026741,8.901523851601423
8226,77.47000122,79.01541179590025
3700,42.75,43.6854841154169
8800,131.8200073,131.52038606326337
9008,123.9000015,125.40295258071667
5120,87.875,87.48148866513002
5970,62.04999924,62.40100580014339
9201,118.1699982,121.02292006809645
3203,22.625,22.17339051115911
8300,102.5199966,105.89002899190416
2351,30.47520638,30.570774371381646
552,5.331185818,5.8209821651679095
7897,83.63999939,83.55107399154244
327,7.136343956,7.4386156296226815
4927,68.0625,65.95755694263691
1898,20.6143055,20.817891986016075
5412,63.43999863,65.67836917160392
7308,59.61999893,61.56713214196308
6116,78.54000092,75.92764761983818
2349,30.88842964,28.861324294353132
5867,52.86000061,52.950373728456974
6489,97.41000366,99.95972480371658
4178,51.625,50.77580887842268
2687,24.54545593,25.69119242904097
4069,44.75,44.2082797172284
3529,39.5,38.94239408023095
4040,42.375,41.72019267842949
6672,108.0299988,110.2442411595356
7554,76.94000244,75.04969847588269
3799,39.375,37.38474678295707
1130,7.942307949,8.62452008433971
9375,107.3000031,106.97607850451811
3714,42.5,42.619542460836804
3942,38.125,37.958555648012556
6443,92.37000275,86.51147457467502
6354,73.08000183,72.51684198576665
2685,25.68181801,26.109954803873904
11080,252.3999939,237.1331606002552
10385,172.3399963,162.72714156238476
407,5.619169235,5.381987878956075
8582,113.4400024,110.3156692165065
2482,28.51239777,28.80231869065616
4614,49.0625,50.736656053360534
79,3.778891087,4.030805332055216
5949,62.00999832,61.63945994897154
1051,7.649093151,8.206018452393078
10098,123.4100037,118.48110106970131
2321,29.51593971,29.991792449960283
2504,28.61570168,27.602021212679485
3587,41.5,38.88370587489258
369,6.405851841,6.603553753120533
3555,38.5,38.38333939445574
1914,20.05209732,24.232880377054066
9698,120.1900024,127.30609647268594
4124,47.5,49.2697400530846
10254,140.9199982,139.64829652779866
4242,57.25,55.4983590284454
2891,22.5,22.693188476633143
10953,172.5399933,164.27002188089722
6261,80.81999969,79.60087923411243
4179,51.125,50.56060960970184
2094,26.61119461,25.72658321750467
9165,109.5999985,108.91495571289613
3035,20.75,19.78928825241377
7859,81.37000275,81.03745099435011
1959,21.55131912,21.239084048236673
9787,126.2799988,122.1032033843093
2366,30.88842964,29.717037580838603
4834,57.375,57.83661490710189
4324,57.75,54.14440843931029
4802,53.0,58.786420092055096
10520,182.3500061,182.20905036045306
7264,66.41000366,64.45299494489564
10372,153.5200043,151.55151075509042
312,6.728953838,6.225949493456424
1119,8.656224251,8.573627452544757
6223,78.66000366,77.75473741578719
10845,139.6699982,135.40640990400777
9638,134.5500031,133.7953261274468
1422,8.058320045,8.369129909317234
4549,51.25,53.754775295168336
4274,54.875,53.2969354860271
8432,124.0400009,126.65421833891409
7541,76.0,74.74583482897758
3862,39.625,40.22975040356345
8762,123.2200012,125.57730169770957
7075,96.43000031,103.16243726964268
1753,17.61586189,17.886524925997303
6925,115.6800003,116.11327083226053
2864,23.75,24.303061646303757
5683,51.09999847,53.00107019779031
5762,52.09000015,53.074801223144355
7891,83.44999695,81.26071346310924
4747,52.875,50.052741144320066
5000,92.625,96.95307237030461
1520,10.86936188,10.431629059181173
6509,106.0800018,102.59250633293998
11142,210.3800049,218.24891227512896
5245,67.01000214,70.2372278102177
1488,10.02604866,9.753207435888363
9219,115.3199997,115.69507257060054
4714,49.0625,51.15970359607467
7039,109.5199966,110.06600741436465
3617,44.875,44.197677261707014
3067,22.375,22.253939176515267
9896,124.8300018,124.64600834793883
2922,24.125,23.878129518863926
1246,7.139153957,7.447097307777425
7392,73.76000214,74.1759215139303
6451,91.12999725,91.00037302445669
3308,29.375,30.241838163340624
6023,67.75,68.87575254642375
11181,193.5500031,197.6613459252729
1905,22.67573738,22.174698463417336
4413,55.375,53.29910219924534
10094,115.0,126.44825228784623
4401,56.0,54.67376051218983
3793,37.0,37.15611128699913
8490,127.6500015,126.8892450831832
11196,183.6199951,176.68083453352327
7216,62.16999817,72.42201804436833
9903,127.0,123.8403198430798
5501,53.16999817,49.0945891219111
10410,175.6499939,177.20197847748932
10961,187.9799957,178.6959715643
9952,135.5500031,131.89391965170503
10397,185.1999969,180.67239317219907
3430,33.375,33.56532075225786
3843,39.125,39.974597178940584
7838,77.63999939,78.29316667741129
3001,23.0,22.755660630618387
7334,77.13999939,79.38748715587965
9811,122.7900009,120.30859786537803
11247,172.8300018,171.76332080130115
2386,29.85537148,30.813997241817265
4089,44.75,44.383357034644945
7543,76.01000214,74.23134120038975
1800,17.42845917,17.941547557059927
3785,36.125,37.51002673986236
3215,23.5,23.24150098219858
3396,31.5,31.370256109599328
3717,42.0,42.08679827806471
1671,17.52215958,17.517728970037275
5964,63.40000153,60.73125936498979
9376,107.0999985,107.71524058851317
5674,49.54999924,48.53954406230813
3109,23.5,23.726779481070135
6160,76.15000153,76.68463775747783
11253,174.1000061,172.6941251944118
3443,34.625,34.063621793019955
10621,173.3000031,170.43281505821125
7246,59.22000122,62.41451111803594
660,4.589456081,4.9882387431023805
2467,29.85537148,29.478707965849377
6284,79.69999695,77.71740743978577
865,6.544223785,6.816199112157845
7610,75.58999634,75.63370481853308
8977,125.3300018,123.47156906395972
1731,17.89696693,18.841718077048245
10565,189.3999939,199.7631797447263
3324,30.5,31.33528773996996
2594,27.61363602,27.60197485536873
3009,22.0,22.775445199697412
917,7.139153957,7.5340477456096355
9475,123.3099976,124.09367368926056
9294,116.0699997,118.3780977418072
6552,106.0,106.65412383955551
1581,14.24261189,13.901746697559666
2595,27.61363602,27.210884630670183
4688,45.3125,44.01201733520897
466,6.088368893,5.784169264311313
4764,50.75,51.76181218120796
2487,27.58264542,28.408470439487125
9582,127.0199966,130.2456435213408
4224,57.125,55.208738747925054
936,8.159032822,7.89604742325063
10445,173.75,175.85379579463384
11155,198.9799957,198.26495077853681
4345,57.5,58.31812313743254
9598,128.8200073,126.31283208728331
8953,117.5800018,119.99023570780986
7788,84.68000031,83.71396724391273
1402,7.777215958,7.78363607884701
9307,113.3499985,112.3611711626382
7983,64.44999695,65.85051270172264
3836,37.875,38.56692601089873
8808,136.8699951,133.9560896746876
6963,105.75,109.78531969695088
1626,15.27332687,15.219024532758542
10629,155.4799957,157.96580960036164
571,4.759436131,5.01682986902432
2324,30.49980354,29.820621583170716
2965,23.125,22.415535603229873
11020,190.2400055,189.81571685559112
875,6.714203835,6.67649480097565
1510,9.932348251,10.203591465380324
5533,51.70999908,54.75108384802443
10066,134.0299988,139.4883330952173
9784,122.9199982,114.76832866932315
5771,47.79999924,50.772908244062094
44,4.013691902,4.186372028290869
6540,107.9800034,103.73025688191846
59,4.040450096,4.37507906513509
8588,103.3899994,112.88500658670459
3551,38.0,38.14966439374423
4472,57.375,55.08390517662762
3288,24.75,25.00610900235911
5225,73.0,78.99734047079659
4448,59.6875,64.27010463040426
437,5.591073036,6.060595983431827
6264,81.5,79.40491209855796
104,3.891273975,4.09730469392904
3895,40.25,39.67866278866587
8146,80.13999939,77.95088588070443
4978,69.125,72.8241817130867
7639,68.26000214,70.30096495410307
3141,22.625,22.078695866618368
9579,127.8399963,130.6727858536006
5107,95.875,94.11431019859107
8739,119.8199997,119.97042731467936
601,4.164505959,4.58190216331288
417,5.900126934,6.0627398884009365
2972,22.75,22.78210823609256
5199,78.75,80.04420187924218
859,6.544223785,6.722659687471095
3980,41.125,40.77133463717633
9410,110.3300018,108.35275111709593
5946,62.70000076,62.2571699104058
8731,122.0,114.21161035252624
2219,32.07398605,30.178438083680962
10784,137.4100037,138.10374859595728
8318,103.9300003,103.59280584128629
9569,130.9799957,138.1100340744075
6007,68.80000305,68.67844590408839
4225,56.125,54.685498353388
9482,123.8499985,123.12136767960267
6848,122.1500015,121.36476255322665
4376,58.4375,57.45796877900204
1679,17.05365372,17.146296060234413
4676,41.25,42.527412666654506
5166,87.0,83.97525470667328
408,5.619169235,5.527428735491217
10345,155.3800049,153.62001415841803
1392,7.308709145,7.280077915064874
6986,112.1699982,109.50704612948628
9301,113.2699966,115.62004378226202
6279,77.73000336,78.31810588985185
10071,130.9499969,134.42781824786636
8896,133.6000061,134.97355302109673
7637,68.56999969,70.95542874148853
7924,71.56999969,75.53905556504345
8698,117.3499985,116.36496753300494
4768,52.0,51.5784886083018
2224,32.27075958,31.82174590621962
3861,39.75,39.59245745248757
3904,39.375,39.97616688107976
7442,82.69000244,83.15581155783856
6799,127.9100037,136.48339285155978
2128,31.01516151,30.80138892266786
8841,138.6600037,139.96748874527236
3478,31.75,32.346040937054966
8971,123.9599991,122.40145575315087
6865,123.1299973,120.41588914538734
1853,17.05365372,18.105341701907125
4971,70.625,66.10244459078004
10550,197.0099945,207.29628211995117
2526,21.9008255,24.3097288199092
6002,68.75,68.88895622166558
5282,68.90000153,67.18882475809694
9472,123.1900024,120.90485641648229
436,5.562976837,6.338535159842028
677,5.269374847,5.208648881656442
10992,172.8099976,173.83859712025907
2133,29.14113235,30.82543596550116
6739,121.1800003,117.27647660804395
5868,53.25999832,52.86989985402023
1871,20.98911285,19.740223891571382
5716,51.40000153,51.79317417111319
6788,136.7700043,131.74205916831585
717,5.439354897,6.295163839875556
773,6.289254189,6.208463843924095
2381,31.09504128,30.889936627699555
3746,41.625,41.3957814987337
8830,142.3999939,142.8007832296765
6119,80.43000031,74.99419492147251
10581,164.4299927,176.54337043589226
3413,30.75,32.15623911698617
6606,108.9700012,111.62162746248259
5883,55.63999939,56.40971233462473
4375,58.375,57.003892188099655
563,4.7903409,5.391465005132597
10571,182.2299957,191.158785954763
6681,106.0800018,108.94504503695333
4113,50.125,49.49821099735179
8464,131.6499939,127.99493060192921
4311,53.75,51.20914619540633
5162,85.0,83.71769443455797
582,4.589456081,4.9062238159122415
3219,23.0,23.56581956816404
9,3.237710953,3.647707915033287
4639,49.125,49.705098720427
7574,80.41999817,81.49000787666017
8968,121.0699997,120.89137346424914
7665,71.87000275,72.76689150964015
6605,109.3399963,110.20045696859401
1701,19.67729187,19.80777635092422
5381,69.19999695,71.10723130408392
1961,22.30093193,22.07729606875938
3472,32.25,31.9067178548483
7616,71.51999664,74.75872929414606
2474,29.02892685,29.21702030737952
6862,124.25,119.91376244808461
8935,117.8399963,126.16613963297698
5489,47.40999985,49.4266691655076
10496,179.2799988,176.53900697888952
9019,125.7699966,124.55031330445682
6229,76.08999634,78.82478865120127
4969,68.8125,68.13678971749066
5727,52.09000015,51.88228154572117
3537,38.875,39.22733680349111
3243,22.625,22.323142914580863
7398,76.11000061,74.45264297489595
3238,22.125,23.361193450670186
3134,22.125,22.42515886308026
5290,69.59999847,67.39759742491658
225,4.130088806,4.458821541730116
7787,85.0,82.59209152330001
1739,17.89696693,18.979313718340215
6694,108.9000015,106.58698688280627
10099,121.2600021,116.15767988740801
7474,79.45999908,77.79939746123605
11199,180.5700073,183.62922510393904
7582,79.02999878,80.91755057173626
4932,62.0,67.82202510384067
7494,84.58999634,78.07357015858817
969,7.989052773,8.482306745651108
3034,20.5,19.462469960932008
10765,147.6600037,146.32065056613263
6701,115.0,110.49051469398555
1259,7.317633152,7.593914577292953
8085,80.94000244,86.47559944899814
5409,63.5,65.49272003897227
8735,118.6699982,120.6544396510548
5983,62.54999924,58.75966007620563
3421,32.125,31.486097758338985
3547,37.875,38.18107984671773
9443,112.9800034,112.2782903803942
8770,125.9100037,126.64278049343453
10874,143.5899963,135.58398479399855
2159,27.73561287,28.97815453835733
9432,112.3899994,113.23241657728865
8863,137.9499969,137.954523093482
3384,32.0,31.925206705519145
9423,112.7300034,111.56247485625356
7282,63.88000107,63.03006528972544
1466,9.370139122,9.293575341578041
3955,39.0,37.32065969546085
527,4.944868088,4.306159629204405
48,3.960175991,4.319333724931465
5853,47.68000031,45.97512286851458
9606,131.6100006,128.5181685600109
10850,140.4199982,139.37263226679744
6586,116.4700012,114.00448630011846
6446,91.0,91.05189980869038
7741,78.36000061,77.35992938636461
2492,28.61570168,27.510856198145163
5273,67.80000305,66.4006478224401
7651,69.16999817,73.3264470711014
2989,22.5,22.089643267780268
5918,57.09999847,55.61094638344191
11049,201.4199982,195.44790942678583
6533,102.5100021,101.75742254809346
2353,30.06198311,30.58659714264938
5554,56.90000153,59.56088571600199
1963,21.83242416,21.695859607366625
5610,52.63999939,53.954520673596036
6460,89.12000275,91.1730283649439
9426,114.2200012,114.10683202959697
4798,57.125,55.279272583332926
8623,113.9499969,109.70645690913341
7532,77.0,88.22803754590203
1659,17.80326462,18.75537871876883
9964,136.2799988,136.4892089865663
1065,7.734083176,7.93280953549318
1359,7.308709145,7.396255401328334
3296,27.25,26.182675467762376
4098,45.75,45.79161703800038
7487,77.48000336,79.90155587536981
4466,53.75,52.265321834054085
5645,48.59000015,48.02287755615387
5660,50.0,50.73823422685977
4854,58.75,55.52742605458953
8681,114.0899963,116.76465858823724
4003,42.625,42.72396217418642
9831,119.6699982,119.26327783014219
3304,30.125,30.10499540451815
9919,132.5,129.63385589533516
7214,69.0,67.39629619443642
2601,27.5,27.484343302897766
182,3.947465897,4.310574946186025
2245,31.6804409,30.84586908656292
178,3.933418036,4.224797343025512
9018,127.1500015,126.26226856116652
8341,110.5500031,113.15118715562897
5211,80.25,79.44826256173427
1382,7.027604103,7.334664822482813
3068,22.625,22.217683720963187
6613,105.6100006,107.55395171893761
10906,157.1799927,158.0450201195742
8149,77.36000061,80.87625968774955
11146,208.0200043,212.2520179949134
11249,174.7299957,175.62206499969594
7914,77.41000366,81.69819592362992
1775,16.11663818,16.988749668536883
6920,116.5899963,114.70308038142655
4779,49.625,51.77304671857012
9921,131.7299957,131.04626133787139
2397,28.61570168,28.393145650817573
3953,38.125,36.96854377565893
8304,99.41999817,102.95833353430335
6475,90.11000061,91.16025516486185
5568,54.91999817,56.60139712841012
9299,113.3099976,116.3058788619213
10737,133.7599945,134.08068350366761
4391,53.625,61.647887071989445
9675,131.3000031,134.30030560749466
3541,38.125,39.94577961133622
3988,42.5,41.82861335978417
5370,69.13999939,68.4166943534896
8440,126.8000031,121.27268148334369
2700,25.0,25.05354766029826
5307,73.5,67.68842784762516
3687,43.3125,41.905722978177266
8255,86.77999878,85.3298400618152
1727,18.55287552,18.70987662815766
443,5.787744045,5.870775113033622
11262,174.3999939,172.80373242201688
976,8.074043274,8.057426311431783
595,4.249495983,4.697882577878809
3020,20.875,22.198512347375427
56,4.053829193,4.352896642872496
10131,128.3600006,120.06426538419346
2464,29.23553658,29.751895916011474
2248,31.48366737,31.04989897586249
2629,23.86363602,24.44912078899414
7022,96.91000366,103.88685361110117
10773,144.5,141.33779343853348
2598,27.61363602,27.022029647995346
6069,73.69999695,74.42490693369948
3762,37.75,38.23458162271888
709,5.949295044,6.506230324001017
7669,70.48000336,72.36669324291772
1593,12.93079185,13.626877439429842
5965,62.40000153,60.14239344853927
4739,52.0,51.93925956657297
7181,90.66999817,89.37951783646132
8506,120.3399963,123.06106388026684
10648,156.75,166.19948970661605
6886,126.9300003,125.37768608628534
7529,86.77999878,91.70866097709234
5891,52.27000046,52.88266278198548
6215,78.63999939,76.36459536657283
6412,79.63999939,78.25228176091446
1588,13.49300098,14.17947458859286
6402,76.36000061,75.22586865815819
6357,71.70999908,73.0498899688665
4171,50.75,49.50015486504627
5347,69.5,66.49989927965777
8837,139.9400024,140.15251605805517
7287,71.13999939,64.18379976743712
4780,51.0,52.4149529583491
2192,30.26555061,28.022241076856393
2944,24.0,23.958705963442362
112,3.989609957,4.261817982259379
1430,8.152021408,8.270885544305946
8252,86.09999847,86.20437696698924
3707,42.75,43.300320905845254
5178,78.875,82.44142020585466
10488,173.1999969,178.70596745723205
2928,24.125,23.773047053654132
5274,67.29000092,67.12934341094373
1604,12.46228504,12.802633362239893
2918,23.875,23.804813765744253
1606,12.27488232,13.002553843902454
10699,151.7700043,154.70535860062293
7047,112.8700027,112.71606886476314
7391,73.65000153,75.31379923055928
9039,114.3499985,113.03687776885538
4584,52.1875,52.341232355730625
4898,64.46875,68.40915812146727
10538,199.75,184.0225836776195
7861,80.69999695,83.53928882585356
300,5.520833015,6.141965174852755
4396,53.875,54.581245247787756
8468,130.1000061,130.69930190680412
6595,120.8499985,120.66311676307681
6835,122.9300003,123.66102927771753
4968,66.5625,69.85466488892668
10161,124.9700012,126.51002441587958
6918,115.3099976,115.33590613648171
1062,7.649093151,8.03959118219781
9488,125.6200027,124.16818153067032
5271,68.11000061,66.06825750821685
339,6.939672947,7.309730573773374
7521,89.19000244,84.74222249458197
11284,197.3600006,172.66310148708172
1443,8.433124542,8.761675645538677
5358,68.75,69.85841422159311
23,3.545428038,3.71899459924657
4694,50.875,46.764623063970646
8286,95.59999847,94.94358174778677
4821,60.25,61.22905722181319
8529,119.4700012,119.94709299488918
4966,65.875,69.46919651998284
496,4.774888992,5.182590168545204
2258,31.38528061,30.368820138135693
1294,7.228393078,7.5340865162250825
10324,146.8500061,149.5360037244265
6760,133.7200012,133.71485259784836
4596,50.0,51.3084865058488
7462,80.30999756,78.93438727369197
9854,124.9400024,121.91256764591353
6616,100.5500031,109.17378184663741
7501,83.48999786,82.95574077055402
11226,176.1699982,188.99155791207977
2620,24.31818199,26.475737268899046
9722,117.7799988,122.81117394482688
630,4.334486008,4.7863797268652934
2456,29.95867729,29.887913818257104
11096,252.1499939,250.88555267499174
2822,23.63636398,23.632063142684828
7113,102.5100021,99.13306630138558
1415,7.777215958,7.905006327580358
3482,32.0,31.772296488991113
274,5.450593948,5.47362219191313
9300,113.0400009,116.00631062259363
8196,81.41000366,81.4748165609514
2983,22.375,24.569206736989088
7379,74.66999817,76.69772867273292
10005,142.5399933,143.7432827956932
5149,87.0,84.36282564569424
6498,98.26000214,97.08776324060669
6185,76.0,76.93206560403364
1749,17.7095623,17.636707973607106
5672,49.31999969,48.13686517411344
519,4.094968796,4.330772349554985
5406,65.63999939,65.85026505832798
4201,48.25,47.99302157197047
8405,130.3600006,129.51239561126187
10482,178.5500031,175.8565236658641
4560,50.875,52.79109545960662
9203,115.0699997,120.15171305722538
8308,102.6900024,102.57577397426965
5509,52.75,52.61071979156961
268,4.97296381,5.619597013888078
2634,23.18181801,23.709922680920897
5834,45.29999924,42.921026531942225
5657,48.70000076,51.32411130283337
6530,102.9100037,102.7041984856585
1962,21.83242416,21.883079222878912
911,7.394123077,7.616952335340946
10330,150.5299988,148.30915745571178
10439,178.1699982,179.82602247296845
6601,110.5999985,116.76714637776526
765,5.949295044,6.4798809887160544
186,3.961513996,4.313692798520024
5326,66.56999969,67.17962095670624
5180,78.9375,81.16928485656253
209,4.172233105,4.454764806454099
6874,123.6999969,123.5169753032689
6791,135.5899963,134.38390687939867
9238,112.4800034,115.68775079194432
3697,43.125,43.102884322933065
1973,21.3639164,22.669980884950565
3896,40.0,39.869051890967356
6165,78.79000092,75.9286427637068
11000,183.4199982,184.04048834612016
8774,122.0999985,127.36755404754335
10076,126.9899979,130.9947536719045
7720,70.91000366,71.77344898769566
7717,71.69999695,71.5256519095427
9592,125.3700027,130.0681914905773
2183,27.54820824,28.749388305251802
5697,50.0,48.85035604641157
8201,80.5,81.39493184774878
2021,28.95372963,27.877604793170974
5585,53.75,54.91286831444065
9809,121.1500015,118.00409727455416
9830,119.7300034,119.00905466398069
4158,48.125,50.061766229950685
5334,69.47000122,65.57695809068433
3077,22.875,22.604284388775003
8854,139.9600067,141.1386811198471
9507,124.3600006,126.01218131375367
3857,40.125,38.79702013847868
1462,9.089035034,9.266099598636778
4233,54.875,56.002780352867696
1356,7.308709145,7.752522190507378
7079,95.73999786,98.27288927635435
9540,139.3999939,137.2801484778062
8574,107.3700027,109.34692198548503
7102,104.1200027,100.13661018730882
8479,129.7599945,128.58035506428203
9751,117.2900009,115.2994493280171
6562,107.1999969,107.63647805614406
6858,120.2200012,120.41049881935864
1603,12.64968777,12.772528755494665
9688,123.7399979,122.73553447633047
2956,22.25,22.552870169565463
2903,22.875,22.283250514406234
9322,112.6600037,113.46535706630833
9310,114.4000015,114.51722517721194
7343,79.16000366,79.82276115065291
9388,106.6999969,107.62960116341976
9636,136.2100067,131.99434327353313
6899,119.1999969,123.76414543570407
1354,7.121305943,7.9118679114815365
4838,54.875,57.85734400677307
8282,94.44999695,96.34555481113028
848,6.62921381,6.708492593787015
8232,78.34999847,78.04774608981515
10955,178.8300018,166.82278915117203
7856,83.62999725,79.55345167863713
9489,125.6299973,124.38362553851134
749,5.609334946,5.8085749367513335
7977,64.83999634,67.06819205750679
4562,53.6875,51.40791167531361
1151,7.58535099,7.966221330456498
3427,33.25,33.099935983785784
4308,55.0,51.030937015926185
11041,185.9900055,181.13090488140242
3535,39.5,39.037507571240596
10301,140.5200043,148.30368844728778
8215,74.66999817,77.9800314558967
10050,138.8399963,142.45396766744992
376,6.405851841,6.3915605566271765
9658,128.0599976,127.85045627659271
2982,23.125,24.052548014161296
8022,68.41999817,66.11644434040744
7263,65.62000275,64.3736709476575
9338,108.5199966,111.71105860956014
433,5.787744045,5.7710727840499665
10815,142.6499939,144.56278710138187
1812,19.2087841,17.52544735244344
10902,156.5,157.76700186315537
8895,133.75,136.93193438842442
2618,26.81818199,27.098749663425398
961,8.414003372,9.003562306712311
7268,65.62000275,65.6785646276153
10933,170.7899933,166.93381184140134
2269,30.30303001,30.105624781770562
7004,107.25,105.82869147587282
10224,132.9499969,132.59046090525152
6565,107.5199966,108.72287967911063
6063,74.41999817,70.02710872279594
10451,176.2400055,172.02336142891298
2466,29.13223076,29.423594231217493
703,6.459234238,6.4492112827027945
8891,135.3999939,134.7212232944144
3660,41.25,43.21173226138992
2800,23.40909195,24.551045847287238
9663,132.0899963,128.1002544829476
144,4.748197079,4.707498873373548
6529,102.6399994,102.18521003419477
6758,135.3000031,131.25917884935927
9945,130.6300049,127.6186046138024
10998,189.6499939,171.375364465297
5767,50.02000046,52.276834707003175
1722,18.4591732,18.669604303120867
9996,144.5399933,140.62245125863802
4100,46.125,46.33357865925361
7640,70.02999878,69.87162840898405
5589,56.47000122,53.72816258954906
5215,83.16000366,80.03511616593468
5349,70.55999756,67.29170207802372
5758,53.18999863,53.843236014173435
10026,141.5299988,142.34449329429376
9152,99.77999878,102.26938343181875
8519,121.9199982,119.3183693752419
10241,133.2400055,132.7396025332548
10003,142.1399994,143.86259566260017
4344,59.5,59.13655819764494
9532,133.7200012,128.13302184154992
7800,90.69000244,92.87452249649695
4132,46.875,47.193391185309494
11243,176.6300049,169.5052907013917
6814,132.6999969,131.29579842910073
5626,52.18999863,50.718367472373146
6908,123.2200012,118.58449984144646
9940,127.8300018,128.4218520877593
4880,67.3125,64.31011850298142
5755,52.97999954,53.04568273693617
3069,22.625,22.507919868578934
1521,10.86936188,10.291407950995517
2957,22.5,22.727755432377734
105,3.891273975,4.133753855710852
1950,20.6143055,20.46770307391434
2912,23.75,23.16490539729013
1635,16.86625099,16.215815677529477
435,5.577024937,5.879647172847857
2416,31.92148781,28.44790693949102
8066,83.97000122,80.67180124982211
7757,77.23000336,78.09513773609706
1678,16.67884827,17.508329735209117
1974,21.45761871,22.24449994133574
5268,65.98999786,67.72565539492474
8111,76.72000122,80.47118708929996
2825,23.63636398,23.38169204976767
8371,117.5500031,123.97406170549999
7793,88.81999969,84.53491446683756
4049,44.5,43.71833350507972
3892,39.5,40.628256712451225
3945,37.125,38.378544413380205
1802,17.52215958,17.505273077268523
591,4.419476032,5.05314662632934
5505,52.18999863,51.37932683205424
11029,179.9400024,185.2951052467584
12,3.384880066,3.5631359333758383
3993,43.625,42.581958744846645
7112,102.0500031,100.43649085710197
1070,7.564103127,7.949635199194598
9242,111.9499969,111.06848446070723
6867,123.9899979,123.68371077608198
2029,28.39152145,27.576724509217648
4084,44.25,45.023578926759534
10668,156.6999969,156.673725729367
7975,66.70999908,67.97296165110622
4498,55.625,57.719348154310595
448,5.593882084,6.165530765885375
11060,218.8600006,201.69647196290268
5500,51.5,48.74069316147427
2640,25.45454407,24.569197641797288
7615,72.33999634,75.43676545480315
1503,9.744944572,9.968067580783266
9123,102.6200027,101.58838318243397
97,3.694602966,4.085575967763846
8554,116.3399963,116.02074097241317
6257,79.87000275,79.63152593796237
2401,28.82231331,28.600782000315828
9729,116.3199997,117.52092623816186
8056,84.65000153,83.32075936719758
283,5.127490997,6.000317923438301
6467,93.13999939,90.2925084241373
3879,42.0,42.54918663105589
10395,182.4499969,179.9721433488297
5603,54.63000107,56.796185688301755
7509,84.91000366,83.0923455365479
9032,116.2900009,116.6883538065257
1417,8.058320045,7.854235591158473
8722,113.3499985,112.16333981455763
2043,28.6726265,29.2449148329976
10321,149.3399963,152.99683041694755
2995,22.75,22.972187285599432
6639,99.09999847,103.17518930392168
10215,132.9700012,134.16312747420523
3549,38.25,38.7291578880873
10428,181.8800049,179.27252280124833
719,5.69432497,5.7482260830334475
3253,23.0,22.073401117213265
416,5.872031212,6.298631978608897
11051,200.7200012,194.2345919845216
10400,179.3899994,182.188485290892
5752,54.06999969,52.455158968525744
3091,23.0,23.523760969542728
4763,51.5,50.25077603558394
10829,139.0800018,136.67378576720986
6849,121.8000031,120.29012426686657
2763,25.11363602,24.893683413214436
5624,51.75999832,51.118145346956254
3652,43.25,43.458204769178145
6934,113.1800003,113.15075004604269
7587,78.76000214,79.20036899681256
2045,29.04743195,28.468899425786564
11211,176.1799927,183.01106729735363
8302,101.0999985,104.4730274801122
3046,20.625,20.19649939543057
3751,38.75,41.66402185418358
7885,80.81999969,79.6818733143123
3307,29.375,30.328548157794614
9263,123.0699997,117.99321882896514
3601,42.375,41.70968488846437
3864,40.125,40.499246947535156
6137,79.41999817,79.07073287295988
642,4.419476032,4.625287175148228
3228,23.5,24.30430065506564
2741,23.86363602,24.450047232885954
3240,22.25,23.057937595981883
5434,51.84999847,48.82357016590534
140,4.396998882,4.689743887368666
5248,64.59999847,68.76612798945969
6931,113.25,115.58760449757074
783,6.289254189,6.528172194420646
4445,63.75,60.99210981722942
320,6.827290058,7.239028911976646
6210,76.69000244,75.72254076441025
1166,7.763830185,8.204190555494023
10989,174.1199951,178.1239199191157
478,5.377543926,5.962085580756046
2334,28.63046074,28.761108002741
7087,100.0999985,98.19978878960688
4342,60.0,62.94660831117557
8557,115.5800018,115.14277841574521
1002,7.479113102,8.118410024709778
8534,119.3600006,119.35064820438417
10154,125.6299973,129.09373778688018
8786,129.6600037,126.52087600190059
5760,52.65000153,53.0419950729066
572,4.674446106,5.264358198920941
8197,81.41999817,81.3894671500029
2111,33.35769653,32.32442172304194
7152,88.54000092,89.34690080224527
6350,72.69000244,71.96687695289424
3571,38.25,38.76142255355911
4021,44.25,43.3257371805007
6208,75.22000122,75.91892877483733
3923,36.625,36.353233023843075
88,3.680555105,4.162189876050432
5301,68.0,67.9595354684521
10920,163.1900024,158.55194897174513
2991,23.75,22.67685466851282
10105,120.6699982,124.59357514549939
6695,110.5,107.873938699228
3550,38.25,38.563203610114556
7999,68.05000305,62.57804907577213
6857,120.0,121.57134017505179
7954,68.26000214,68.18260943437029
342,7.066104889,7.464463269444715
2254,30.89334869,31.473285682974716
1093,7.317633152,7.583802137563307
459,5.346639156,5.853854757347334
8072,83.95999908,83.49402042021768
5706,49.90000153,50.689165081186864
302,5.422498226,5.582594403702263
1154,7.674590111,7.885465353414364
7309,59.77000046,59.12295915218498
5513,51.88999939,52.121252382856895
6070,74.0,72.99019191366276
7390,73.66000366,75.4410645206101
8118,76.80000305,76.42585689028536
861,6.544223785,6.747066588143966
2230,31.87721443,32.32749350338927
10895,148.6399994,145.67515369928813
8389,118.0599976,120.44567557541498
4817,59.375,62.926751466500264
2915,24.375,23.88726686199116
8757,125.4899979,127.53875642709238
5614,51.33000183,52.556540093033846
8546,117.0400009,113.21945226916277
1132,8.299265862,8.493906048247942
8881,134.2400055,137.4426435424871
10666,155.4400024,153.1628021491923
11279,173.6199951,177.75998544174266
3582,38.75,38.353683944588965
6381,72.91000366,71.11210493746802
5233,70.16000366,71.37929829367297
5270,68.15000153,66.1394409355687
10374,155.8500061,153.52199851949317
509,4.249495983,4.9114261764305915
9157,107.9800034,100.57018087996553
8718,110.0599976,116.02291023696971
10507,185.0899963,184.0820919432721
9955,135.9400024,132.75298468615892
2780,24.31818199,25.423693786567146
6105,72.34999847,69.19635828760889
7817,82.05999756,87.96757593540882
3293,26.875,25.01543925799739
3517,36.625,35.30234517479314
6700,113.4000015,109.98601563776823
11140,217.5099945,214.26716433842353
7280,65.09999847,62.91514134701292
2536,23.1404953,23.910627181945888
4458,52.375,57.12350448067743
9966,133.2899933,136.23459931094152
6187,74.05999756,76.6229222029949
7094,105.1200027,101.88880653960193
308,6.43394804,5.657720607406904
4278,52.625,55.452621277811865
1203,7.139153957,7.602758805505958
7395,75.61000061,73.88579773651736
7963,67.69999695,67.41195329884715
2528,23.1404953,23.679964495305416
980,7.8190732,8.312523832131088
3086,23.625,23.42552581785831
2247,31.97559929,31.109400392577808
1122,8.656224251,8.5907305824515
3698,42.875,43.71841492852188
7177,88.83000183,88.02781719241959
2319,30.00787163,29.75824578246848
10233,133.1399994,131.5148469480713
5059,101.5625,90.11485087006682
6456,89.80999756,91.12858688550112
6967,114.4400024,106.11614551876647
10223,132.4299927,132.52916217652924
9524,128.2299957,126.85396479985316
6399,75.86000061,75.4354816016225
1664,16.86625099,17.887770743048392
4039,41.875,42.09406136317354
10947,162.7799988,163.00857336565232
10965,188.75,183.83487785262585
5908,55.27999878,52.30384654619138
4056,43.75,44.37240050725971
1505,9.932348251,10.027188449410225
1263,7.406871796,7.562801282117135
5556,56.13999939,59.90057999808589
4044,43.625,42.04185597367331
1158,7.763830185,7.856965662242865
8710,116.1600037,118.57964715518591
904,7.139153957,7.729031066973484
10798,146.1100006,141.88619948418415
9033,112.5999985,113.8686321054116
774,6.289254189,6.132300429376873
3780,37.375,36.284164491185464
2280,29.8110981,29.69848862727677
10606,167.2599945,174.76501646907394
2673,27.5,25.716433474940366
1980,21.73872375,21.91166752091277
8455,128.0299988,129.5544263338897
5315,69.19999695,74.34894180986785
3362,28.625,28.528906314978038
574,4.92941618,4.76955545806213
2208,31.01516151,29.787846390674694
6541,106.7300034,106.20937594674736
8430,127.0100021,128.65062218779343
8803,134.1600037,130.70141520515807
1020,8.49899292,8.096158648768636
10367,151.4199982,153.49420502710996
10232,131.3099976,132.54846153618888
11191,177.0099945,169.76728913381675
7261,65.44000244,60.94568920093022
4429,60.125,60.59139469342974
2597,27.5,24.08741761087253
8882,135.1799927,136.86604675313356
4910,62.6875,67.00430862863502
10128,117.5599976,117.44818806736937
3624,43.375,44.53982605652839
9950,132.8300018,130.50194128097294
5440,55.59999847,54.107102292318466
4255,54.25,55.33408090966899
9892,124.3899994,123.42308499459776
6008,69.41000366,68.85202118746996
8919,129.8500061,131.90850624562324
4266,50.25,53.335691940419075
7007,106.5999985,106.57920970290641
5865,52.81999969,52.114546397862455
6630,102.2300034,100.5519304604055
2149,28.7663269,29.269374205494973
6622,100.5999985,100.23581059042728
2399,28.82231331,28.79034592349799
5189,80.19999695,77.13577722371954
89,3.680555105,4.03488645036546
6751,128.2200012,123.82203251816105
4156,49.125,49.884908731608164
10211,131.2200012,133.65189659368295
344,6.743001938,7.154389808391227
5431,50.49000168,55.57215070991692
9936,129.6399994,128.26946834266656
8697,117.5899963,115.05774718624869
3070,22.5,22.732271981959723
6795,132.9700012,136.12663337351557
2357,29.44214821,30.225359379742567
4004,42.375,43.31347894780595
5837,47.52999878,45.27178427914332
1436,8.526826859,8.379084560240656
6960,106.8600006,108.79176300375973
8551,116.2799988,117.0215115063093
7243,58.40000153,64.92450282552463
2048,29.04743195,28.54960204088247
9066,109.5500031,105.23523765630232
2414,29.75206566,29.34401957834394
1834,21.17651558,20.206990746118272
4353,59.375,59.539028596454735
2969,22.375,22.68855663953552
5388,68.09999847,69.83571190847073
1192,7.049913883,7.256677150587374
40,3.90666008,4.204815736638467
8292,102.8000031,95.5517049827109
5711,51.75,49.72707575435647
8178,81.90000153,80.62745516979419
9865,121.7600021,122.91230503473108
8927,128.1900024,130.29008412863064
1741,17.7095623,18.708554942805808
6321,75.76000214,74.31653781659999
8633,114.4800034,115.1358044803305
11239,169.9299927,170.17824358711442
8285,94.77999878,95.66552240400594
10646,155.5,165.60682974816766
4909,66.5,66.74710586113378
6198,76.44000244,76.90039828094571
7350,76.79000092,81.36252391552284
5062,104.75,97.51796971467925
5034,82.375,84.52292767459696
382,4.930819988,6.784478602804985
7511,85.05999756,82.41427148953545
9677,128.5200043,131.96431355950745
7953,70.20999908,67.19760582486202
8821,137.5200043,135.39205411693212
4300,50.125,50.80488284642259
9635,136.4499969,129.0570482629802
10754,143.75,137.25701738189983
3196,22.125,22.87161920436629
4282,51.5,54.09838692676794
1202,7.139153957,7.544249401326958
5638,49.70000076,50.77513715981153
8943,121.2399979,119.16407849922531
1210,6.871435165,7.17967824557258
2845,24.0,23.231095133600558
9168,111.5999985,109.77579953165717
1795,17.80326462,15.974140890786359
4626,49.875,50.19543646104224
5525,50.79999924,52.36993927728432
5213,81.15000153,80.60318636162692
10190,134.0899963,135.82534198874922
7388,75.61000061,76.27591433858662
5818,44.06000137,46.19711761299219
6685,106.4000015,104.73137649884255
8010,64.48999786,65.69434127366286
6817,129.9499969,132.29084594082408
324,6.785146236,7.128122134634498
9605,131.1000061,129.08760239569068
8568,110.2099991,114.83653061100516
6559,109.1100006,106.62473093432017
8823,140.0800018,134.06182092506734
7207,70.75,70.43080737425173
2483,27.89256287,28.840000647234238
11091,251.4799957,232.52522330665252
3088,23.375,23.284410989397717
2771,25.34090805,24.788591478833418
1405,7.777215958,7.739562526259382
8832,139.8899994,144.42101664204142
10288,153.3899994,152.53559940399552
1080,7.496110916,7.474471272410954
1587,13.96150684,14.260840265519535
11048,200.6699982,194.1855555454146
9006,125.1500015,124.34369720769284
2468,29.95867729,29.25666234705341
1680,16.77254868,16.641331953161554
6470,91.11000061,92.93653666532616
4427,61.25,57.01584295691522
4462,53.625,54.758889143507744
5940,60.97000122,61.09387780374911
7909,81.43000031,85.2585926023859
1643,18.74027824,16.521897558436002
2297,30.10625648,29.530099971469102
7412,85.31999969,84.0665202354806
2939,24.0,23.947862747541354
2236,31.48366737,30.743105660063048
6335,71.98999786,72.91150424831244
722,5.609334946,5.640682249759408
2919,24.0,24.0794158994235
946,8.244023323,8.629297704746586
7972,66.88999939,67.356952190359
1096,7.049913883,7.5499953884457405
2531,23.96694183,22.311112317231494
8379,119.1299973,115.75958904973467
3057,21.75,20.933030521787714
4402,55.75,54.44176711069737
3402,32.5,31.827854487070354
4337,62.875,63.113886999561736
10206,133.7700043,132.85403886896648
890,7.309134007,7.1694623144053775
3005,22.75,22.993491571519566
4423,58.75,54.89542012706225
3316,31.625,30.79399798410684
10216,136.0099945,131.1772234471894
3291,26.0,25.001493542834453
8855,140.0599976,140.580813478665
3701,42.75,43.60006203132004
5737,51.25,52.816051564198034
4475,56.875,54.93823921005828
9584,127.3099976,127.70499560532282
3099,23.0,23.096893111330832
7679,68.25,70.03375613570003
7024,99.69999695,99.57620852083609
541,5.640240192,5.826570382117929
5606,52.34999847,56.56946724994426
7675,69.76000214,71.09165609635919
4484,55.875,57.19232745493144
6166,79.97000122,75.18616150559265
2279,30.10625648,29.552001121806594
9692,126.0699997,122.92224185833793
3342,31.125,31.69567884044347
6095,68.08000183,70.06677682692082
1575,13.77410507,15.268333211146535
1189,7.139153957,7.277952697753969
3851,38.5,38.62271788071344
9296,115.2600021,119.09676148625762
8000,67.11000061,64.60737006931787
6620,100.7900009,101.64471399580746
967,8.074043274,8.678559752039533
3328,30.75,30.65110052075296
10289,151.75,153.12035978217497
742,5.524344921,5.869603590075423
10510,179.8300018,184.4429038290509
1197,7.228393078,7.272165813547359
7281,63.50999832,63.0162153092129
4606,48.3125,49.2368241326611
4374,58.0,58.79770502939031
5195,80.51000214,80.1346834829186
3665,41.0,41.492424452019016
10665,155.4299927,154.65193598249962
8404,130.8000031,128.94635800257288
5835,46.29999924,43.296582904001625
8767,126.7600021,123.62206783077617
10622,168.4700012,170.47567455480674
10095,122.4100037,125.11393061912024
3047,21.0,20.491955182953546
551,5.253922939,5.782967051784109
1219,7.049913883,7.501325246904585
10984,178.2200012,177.48930304501266
4756,48.5,52.150337923846195
132,3.989609957,4.237418018295057
11094,253.7200012,244.3021346137429
5090,96.75,102.2153842773819
2360,29.44214821,29.413267562310843
5992,66.36000061,63.684430255707106
1692,18.64657784,17.777927508068615
9449,116.2300034,112.8391065692252
11070,227.0899963,230.36168198666556
6225,77.59999847,76.742976752995
11019,189.8899994,189.38210770253534
4008,43.25,42.78493694172176
10489,174.0899963,177.56879167176902
3755,39.375,38.91343099366615
9425,114.1299973,112.80856349694027
5705,50.91999817,50.06397054209507
1539,14.52371597,12.558816091232403
9354,109.9100037,104.80140517227187
9393,104.5599976,106.86793788596272
3791,36.75,37.51072842284851
10192,134.7599945,135.80501716982516
7945,70.83999634,68.5118903513893
8880,132.3000031,136.72222094857557
10355,156.4100037,154.00376737906964
304,5.352258205,6.148353772908159
5436,55.45000076,51.86671647359987
1777,16.2103405,16.3105679879291
5709,48.59999847,49.729205173810605
295,5.436545849,5.144442722752114
219,4.200328827,4.484710428473755
4006,42.625,43.130560298106424
2523,23.65702438,25.08150595511694
1293,7.228393078,7.623630340709363
5736,51.47999954,52.391455183829095
3409,31.75,32.2949956248829
7400,77.41000366,75.5726243168427
3559,38.875,38.3671345528028
9382,107.8000031,107.80489130130863
6041,69.12999725,68.87643654240298
9561,134.8000031,135.20896681312772
11101,240.7400055,252.29687980965846
8296,104.8300018,98.60742823435268
558,5.099396229,5.767418399878519
1792,16.11663818,16.841152483103727
685,5.69432497,5.77099848183152
3408,32.0,32.13350388686041
3157,23.25,24.065215207499243
3846,38.375,40.151060405858935
8297,104.2099991,102.53858865742265
4618,51.875,49.35284613070232
10858,137.0399933,137.98114108962167
8894,132.4499969,135.28125317279512
3263,22.625,23.574585887306615
6912,117.9899979,122.09737158327378
6081,74.94999695,72.88729889107762
1987,21.73872375,21.34965376619776
10220,131.7299957,132.99118549202197
4108,49.375,48.257483792472335
6436,86.88999939,85.00941724636611
3677,41.25,41.177212524076005
8205,78.51000214,81.54825446168263
3842,39.625,39.4133426631781
2462,29.64875984,29.54050515686887
2963,22.375,22.3110063537614
1441,8.339424133,8.732742297695442
3097,22.875,23.640959372246346
8730,121.3499985,114.41571606514162
2724,23.29545593,23.22639016387238
10285,153.5299988,153.0100175575657
6885,126.2300034,124.22244831093573
10865,137.5200043,134.0900634618909
6744,122.6699982,120.59601784238409
4658,43.5625,46.402868113609316
5342,66.25,69.67656933312595
3822,41.125,40.70866649329574
3918,36.0,37.686918685499606
1794,17.14735413,16.31978099973264
1270,7.139153957,7.58099859771323
2030,28.39152145,27.537530076645186
10908,160.3999939,158.27822143216693
1312,6.871435165,7.479749389326335
7485,77.51000214,77.92447419590785
2241,31.38528061,31.344680480559365
6671,107.1399994,110.05300776595428
4631,51.5625,50.1664661516637
4693,48.5,44.83742402695924
4288,51.0,51.72895172122361
10810,144.6399994,146.8405450712349
9545,139.5299988,139.46128307938187
7779,82.01000214,85.43409170506288
3477,31.5,32.445651192678
10441,168.5500031,180.9860402472418
7969,67.61000061,67.53524820218288
3878,41.375,41.95520842454711
2585,27.58264542,27.923335678674075
7649,71.22000122,71.06987567009675
8472,129.25,130.04490767482497
9580,129.25,130.0202910932614
7607,75.56999969,77.31662173882974
476,5.532071114,5.9902716400188725
10772,144.1199951,143.2799356870681
2638,25.22727394,23.747409227158794
7580,79.91999817,80.52881705015852
7453,77.26999664,79.64721213316412
2118,31.38996506,32.857419929679494
8742,120.0699997,119.34974793837269
115,3.961513996,4.297070314725509
6941,115.3000031,113.13708245839265
8861,137.6600037,137.4246522642681
599,4.249495983,4.5907481628562845
2261,31.18850708,31.536492113595727
8274,96.86000061,95.2293894085278
2636,25.79545593,24.097847241158455
9887,123.4899979,118.18329929280479
1860,19.77099419,17.671434730817857
7985,64.30999756,65.92020653243512
11138,213.9499969,219.93708176523765
5905,53.29999924,51.53772432086265
1468,9.370139122,9.292572660287494
808,6.374244213,6.896935410303804
9551,138.7599945,139.4820058040319
10940,165.3899994,170.1864844510912
3476,31.5,32.28017666706886
6083,73.76000214,73.55875388141445
3274,22.375,23.182087891154946
7773,84.44000244,79.88161960084938
6182,76.61000061,77.81383789046988
4326,60.5,56.57520942031639
8248,85.66000366,86.87049225596083
6761,133.9700012,133.8437752029209
7759,77.69000244,78.16680447474712
4697,53.375,46.4148387417169
9898,123.9300003,125.40939012100662
9631,131.3099976,133.40292017259634
4083,44.375,45.12549112844614
7326,73.66999817,63.62423100857665
9262,121.8600006,117.70659912118924
3898,39.75,40.541906801751935
5369,69.65000153,67.29658577256855
6571,112.6399994,108.80687462329684
7784,81.36000061,82.32659816811193
6366,71.37999725,72.14548263472436
2400,28.71900749,28.8367715096706
38,3.786248922,4.133218407406972
2473,29.44214821,29.737194147601908
10990,175.1799927,175.9626226523972
4137,49.75,47.106116607889234
474,5.392996788,5.934430330088287
8827,144.5200043,136.87254105163572
3059,22.125,20.967896181503153
577,4.589456081,4.908408017392274
3142,22.875,21.876060627801284
3358,28.625,29.60156247472442
4777,50.0625,52.0047290527969
4016,43.25,43.334160231587234
1254,7.317633152,7.405172414617391
226,4.130088806,4.540720140780501
6110,76.70999908,72.13386534829698
1467,9.463841438,9.310143551783352
5523,48.81999969,52.39726106145533
325,7.023961067,7.0997955964655715
117,3.975562096,4.3208239565586375
2431,30.78512383,30.591195255289882
7849,79.69000244,78.6967214395767
1944,20.42690468,20.58530090584547
2200,30.35925102,30.29386008808871
3148,23.5,23.350426097278568
6022,66.40000153,68.59421171723727
3078,22.875,22.831993529731548
3786,37.25,37.103706374224615
6224,79.06999969,77.03764337080021
7357,76.26999664,74.12251681141264
3334,30.375,31.09606198191528
1099,7.317633152,7.454058444060545
7943,71.20999908,69.604542149039
4074,45.125,44.85797729616597
6790,136.6699982,131.36723196106365
8612,109.5,108.14064955838181
4354,58.875,58.96312514393161
9680,124.2300034,131.23249155293965
7378,76.61000061,78.91887111937082
2835,22.95454407,23.52843102407214
10846,139.6199951,135.66871785216446
9049,106.8399963,118.91690058674855
3689,42.875,42.195076078693994
4174,50.5,50.60559823988208
8887,134.4799957,135.3954111530291
7158,86.11000061,89.87665258237531
5884,54.38000107,57.289397501933905
2573,26.75619888,25.984898388363895
3299,29.875,27.051677958085193
1848,17.80326462,18.587331646153174
982,7.649093151,8.312585427105965
10788,135.5200043,134.4984796748906
6749,126.0999985,122.35650060136187
9727,117.7300034,118.3143919566848
4930,64.125,66.6471727105451
6121,81.19999695,78.41429041836943
11238,169.1699982,174.39889885623245
1463,9.089035034,9.339561718296647
1992,21.27021599,21.710901185762857
6458,87.29000092,91.93419314201351
6433,86.75,84.81715385578045
5391,66.45999908,68.58047428506961
1383,7.027604103,7.273333396874382
8060,81.23999786,83.64294301524261
585,4.674446106,5.156051678153624
10278,150.4700012,154.81620977759675
2961,22.5,22.272591706694556
6481,100.8000031,91.97759119691514
9542,139.0299988,140.51954913805278
419,5.787744045,6.145286367802058
1329,6.960674763,7.252057222164507
786,6.62921381,6.482242863293732
3688,42.625,42.05397793823087
5925,60.93999863,59.451584257828664
5858,50.54999924,47.76348058155856
19,3.425017118,3.7572720655268257
7324,71.73000336,66.96894572582175
1756,17.52215958,17.17023634437245
4613,49.125,48.221071148440146
9131,105.4899979,103.32402986416824
1226,7.496110916,7.6673798492166485
10893,145.3099976,136.57684605798957
7510,84.55000305,82.91387805414722
727,5.524344921,5.903994495040184
6375,71.69999695,72.72432135830503
7928,72.08000183,74.88367001053459
2622,23.86363602,27.25029690919107
10214,131.8500061,134.6281593724063
745,5.69432497,5.962290632774897
744,5.524344921,5.983705587376164
9686,123.2699966,124.46781575788656
6803,133.1399994,129.38363415814013
4610,50.3125,48.11016832934286
1804,18.08436966,17.24394034090771
101,3.792938948,4.08945473656556
3494,33.375,33.15687471296263
3713,42.25,42.94609630115286
1479,9.65124321,9.576662615174119
918,7.224143982,7.6793596858415
5973,59.5,61.58251508562855
4984,71.8125,69.7212111985695
9055,107.4499969,107.954445547352
1360,7.308709145,7.687044210142845
505,4.63581419,4.732779847756904
4228,56.0,54.259786216253936
4092,45.75,45.228237737670895
5101,94.3125,92.45103273880991
6352,73.13999939,72.09645425779928
6702,115.7699966,112.90743554301855
2855,24.125,24.17039427018785
1215,6.960674763,7.1195869882190825
9828,118.9700012,118.20657782733426
1184,6.960674763,7.567524870051667
7055,100.8000031,109.24990881475628
2018,28.7663269,28.187079847140886
10517,187.4400024,178.73653847874976
1204,7.139153957,7.540384128317723
4141,48.625,49.946939544311974
5536,51.0,50.282308020209314
7896,83.69999695,83.27126710377546
10046,141.0599976,140.0323098470253
1377,7.121305943,7.484183914210387
1378,7.027604103,7.5998368411868755
6295,78.18000031,77.81885042739306
2151,28.86002922,29.79405086998691
9657,129.2700043,128.52404535145018
297,5.310113907,5.369268583401269
6152,74.23000336,79.8339875800331
2310,30.49980354,30.23885839655457
2337,29.90948486,28.36821734599577
8937,120.7699966,119.6417235497205
5503,51.61000061,50.752250877608894
7516,84.83999634,84.97918385662355
9817,121.0400009,121.26661637474925
3281,23.25,22.918948731123848
10086,116.3499985,119.55696554466225
397,5.07130003,6.580272369264087
845,6.799193859,7.198981666149188
6951,115.8000031,117.68935692202852
4426,62.5625,55.489440314631736
1767,17.7095623,17.797358902962586
3781,37.0,36.171976184089
6660,107.4700012,107.31949850550579
3957,38.25,37.81252534682089
10572,185.3800049,187.52776696223427
9064,106.9899979,104.5313808168834
5126,88.1875,89.19942557095595
1121,8.656224251,8.737898336072009
5586,54.31999969,55.65243229841921
5275,67.34999847,68.06472751012714
7575,80.48999786,80.39023814323592
9284,119.8099976,120.19312910422452
4335,61.125,63.34542800749573
6853,120.3799973,121.86486284570866
276,5.492736816,5.572883837400473
9435,112.7200012,113.17589056283869
5615,50.63999939,52.895386678027364
8278,94.63999939,95.83848948265549
10291,151.3399963,152.60667393675064
9124,102.2699966,100.04269016335925
8251,85.66000366,86.49198049142099
1844,18.36547279,20.03917917103268
3272,22.875,22.831680624830643
4680,44.75,42.01497108213639
10027,141.2799988,142.65763921758455
10619,174.8500061,168.1715621673135
5779,48.86999893,49.879486224272604
7880,79.47000122,81.9427905145018
2136,28.57892418,29.630982741931508
2166,28.7663269,28.288677356319994
3568,38.625,38.89894974964027
6189,73.91000366,75.77586735104819
8902,131.5200043,133.01796524952488
425,5.717504025,6.127264470857495
7117,102.6399994,102.0455917390715
10295,151.3399963,150.8502959786956
3947,36.875,38.227166094105826
7316,65.37999725,60.34959982608816
629,4.334486008,4.604336775912612
1712,19.95839691,20.994988206243328
11197,181.5,182.35801700184126
4704,48.5,49.414754390676755
4527,52.875,56.242573306382965
7191,88.51999664,86.98469873284071
2177,29.04743195,29.30099403758041
5588,54.74000168,54.346813174062405
4219,55.25,53.128705262237695
9555,138.7599945,131.81439813241738
5395,66.09999847,66.5855325745427
9255,117.7699966,114.31256607765826
3337,31.5,31.15823748158645
5531,50.13999939,51.50108326617798
5297,68.55000305,66.54543655051674
17,3.47853303,3.7498312749108136
3004,22.875,22.949588888569057
477,5.532071114,5.841575759015847
9389,105.7799988,105.97072990667913
7628,72.30999756,71.36936546660347
3967,39.375,38.98558802803194
4619,52.4375,49.284837770565446
930,7.649093151,7.720928474563302
1199,7.317633152,7.194887452809881
8603,109.9300003,106.62415383379205
4795,57.1875,52.33529303616166
4727,50.5,53.063120682696095
6929,113.3000031,112.92003691496683
3457,32.75,34.09094775337962
2415,32.12809753,28.92054698621862
8148,77.58999634,80.09174796576023
4816,61.0,62.40205775484014
4055,43.5,44.65218307951007
9133,104.5,103.83189098030326
5421,61.16999817,62.65694070089634
9782,122.3099976,116.4062528402105
10780,137.0,141.42157874654177
6176,77.19000244,79.9370596964314
2328,29.51593971,30.320018008747567
10093,117.8199997,125.33054889028283
5154,86.25,86.89041560845074
11143,208.3300018,214.07707168707165
11008,187.6799927,187.54099745548606
979,7.904063225,8.315264726300338
803,6.62921381,7.004102273581402
10591,180.2700043,171.08155785062786
739,5.69432497,6.021226982660887
8815,134.8899994,135.560119362911
9705,122.4800034,120.14687887254306
4383,60.75,60.56219800305067
7385,75.52999878,75.5548588264683
9318,112.9100037,114.23062447522494
7812,87.51999664,92.27822484578111
8326,103.0999985,103.98097611708685
9305,114.4700012,113.63862823368969
5227,70.69999695,75.9620603881523
8552,115.2200012,117.79257293213395
5070,105.0,98.51257661421609
1814,18.74027824,18.582650978158256
4052,44.125,44.703431780472386
3847,38.625,39.7889225310325
11013,187.1600037,187.50537826377843
8418,127.5599976,122.80767634752354
713,5.779314995,6.163964122288688
9247,114.0400009,112.29795357051789
4938,66.0625,61.63038017779991
5182,76.9375,79.82200439451564
1208,6.871435165,7.518942900047582
254,4.439143181,4.8219595349813735
7144,90.73000336,91.43515006086066
9770,119.3799973,121.86038708334529
4775,52.5,52.23654260229647
1087,7.317633152,7.640259127922106
6123,79.76000214,79.06281456892889
10667,153.1399994,156.8567356784255
10234,133.4199982,131.15545302371928
5053,93.125,88.88035850128115
1854,17.61586189,18.106285338360614
10932,168.5700073,165.25828041368896
8049,83.65000153,80.8954113840986
9791,123.5999985,125.29484158049432
10958,178.6699982,172.0465039259579
11078,243.8399963,237.33057879779895
2829,23.63636398,23.551450275633634
1120,8.477745056,8.602654040894372
2657,23.52272606,24.569666340643572
9669,133.3300018,131.72119152113183
5368,68.94999695,66.84006874596628
4644,48.0,49.404935662953044
8168,81.69000244,76.80565785904531
7806,91.52999878,90.33134417410866
3625,42.625,44.470867339185325
4231,55.25,57.653285221695405
257,4.368904114,5.016913302093863
3074,22.875,22.546308825684186
7687,70.59999847,68.41799892697392
72,3.666507959,4.286168015656695
8337,113.0999985,105.45774669210167
4907,67.125,66.503309112568
3623,44.0,44.936860806942605
6987,112.6600037,107.78248816839975
1495,9.65124321,10.663741909483223
6669,108.3099976,111.7603977684657
7027,103.8199997,96.21722438481993
1913,23.05054283,24.454121770095
614,4.674446106,4.852362158886669
10926,165.6999969,163.61254092663165
7419,85.86000061,85.18901135473408
1542,14.7111187,13.623451446563768
8391,120.6600037,119.41548809080123
6504,102.5699997,99.36271340247089
9546,139.6199951,139.38160189932964
4534,55.5,52.79222983445682
1364,7.40241003,7.522903693891338
5921,58.95000076,55.466430083330074
9069,106.25,106.9576744645816
7711,72.37000275,71.29716694610755
4483,57.25,56.82129555231582
1339,7.683514118,7.875888163667054
3467,31.625,32.42804107279386
1011,7.649093151,8.116329684130658
1900,22.20722961,20.583705352708517
10205,131.3399963,130.0057829743918
2647,25.56818199,24.652946286585866
6358,72.08000183,73.26489144082312
1091,7.317633152,7.5336411198283
3553,38.5,38.86081270991107
2507,26.65289307,28.084669299171797
1048,7.989052773,8.623683436262134
3011,22.375,22.573532430715822
11090,246.7200012,234.2270424255569
1669,17.89696693,17.099731031956388
1035,7.904063225,8.20269845341361
10081,118.8899994,127.20355741499945
272,5.731552124,5.485339506029783
4420,56.25,55.93365659512709
1256,7.317633152,7.479679991806761
11145,206.3600006,217.22534938514886
3325,29.875,30.98298827586595
664,4.589456081,4.974532861528966
632,4.419476032,4.659003201030807
6714,119.0299988,115.30386931411063
6546,107.0400009,106.54912882480946
966,8.074043274,8.67737029978931
11213,176.2299957,177.02677322148216
7689,69.80000305,69.26059928750917
11158,203.8800049,195.97237844711253
2689,24.77272606,25.561902624291328
4080,44.5,45.2248117592274
10379,161.1600037,155.69277647062594
4923,66.0,64.3276969331535
1175,7.496110916,7.879789590261475
1116,8.477745056,8.606691601568537
3658,42.5,43.26086871428225
9813,121.8199997,119.62023669870824
8635,116.0500031,114.08119492553718
3456,32.5,33.58474781937072
2198,30.64035416,30.28800033678156
1602,12.64968777,12.519257440126964
6408,79.66000366,76.03841353627115
6017,68.76999664,68.9378392229008
7571,80.75,79.55874705993381
6231,76.04000092,77.08798287029161
586,4.674446106,4.799669655652814
5739,51.15000153,51.35445403183277
2117,31.6710701,33.18079572395707
2525,21.69421577,24.583478128545025
6462,90.44999695,87.61870341872361
9290,117.6399994,118.54975624019185
10473,172.1399994,184.3623118643961
1755,17.7095623,17.422583939063756
5676,49.13000107,49.901395401414845
10112,123.5899963,121.70205396628104
4416,56.0,54.85836148363761
5546,57.99000168,55.364521706025755
10988,173.8099976,178.9944496961649
4362,59.125,59.77213267647997
2220,32.17237473,31.754932389957713
5288,69.95999908,68.6508093847814
418,5.900126934,6.056787235626353
3893,40.375,40.61810127952727
3826,38.0,41.2926823513065
85,3.722698927,4.168673222042955
1873,21.17651558,20.40965718035104
6544,107.9499969,108.11638830407013
5433,50.54999924,51.67198960536999
3022,20.375,22.30777858848213
2604,27.95454407,27.613098298843152
10365,152.2299957,153.75601282065978
11128,217.1199951,230.8819217014411
11208,176.0800018,189.14953580093695
3127,22.5,22.266522734203743
5562,56.04999924,56.92123347493076
7934,71.16999817,71.50162227363366
10676,160.0500031,157.49145354088208
3894,40.125,39.95899671317959
1784,14.89852142,16.151415257325716
5312,70.75,73.58066379518476
6648,101.7600021,98.70891602803455
102,3.877226114,4.014178256251924
9494,125.6699982,125.61918018238323
7196,83.55999756,88.08366943093618
692,5.439354897,5.764928633970605
11026,180.6199951,187.1511909521992
10151,127.7699966,129.4364533416536
656,4.589456081,5.2134798163106755
3361,28.375,29.604803278264225
723,5.609334946,5.883409592207067
10484,177.75,175.70230490543528
1719,18.08436966,19.593017662459772
1085,7.406871796,7.701465689006022
299,5.661312103,5.0242747891322175
8357,121.2799988,115.0098077352975
2084,27.17340469,26.998601872996783
3998,42.5,43.70252825898366
10783,134.1300049,139.20037062368903
1894,20.42690468,21.23806221462648
7076,95.19999695,101.95197033169025
6114,74.98999786,74.44599052606674
4841,53.0,58.293224430225486
5129,93.0,92.84327974667556
8040,76.47000122,73.71478483633919
9720,121.7200012,124.77778593903811
1497,9.838645935,9.995016944109864
9468,121.8700027,119.42604820219512
7267,66.52999878,66.2798615669468
6898,122.2900009,122.59709495226595
6317,74.18000031,75.44910806230048
9352,106.9899979,106.4263867196479
7225,68.51999664,75.70996952897329
2718,23.63636398,23.664509332707745
4265,50.625,53.68426889420129
9740,115.4100037,114.77897315515155
2161,28.39152145,28.312686550757615
1446,8.526826859,8.662125986990983
1242,7.228393078,7.347126665385111
2064,27.2671051,28.206864853934164
194,4.031753063,4.315562441022001
4570,52.5625,53.76406828450767
3026,19.375,20.64473565427138
6218,77.84999847,76.80324864541929
2583,26.65289307,27.090400980295367
2694,24.77272606,24.764277101821193
8354,116.0800018,116.2463134328644
4105,48.5,46.259997075250006
8143,80.18000031,76.11004404658723
10287,152.8500061,154.33496050619863
28,3.665838957,3.8917500739558903
1306,7.228393078,7.2550418254356845
9108,100.6200027,106.35730954072093
10475,169.4700012,177.71467627597949
3110,24.0,23.267633720568472
10431,182.8600006,180.97667871123522
3644,43.875,43.276913271373004
8433,123.9100037,123.12788123305589
6019,67.05999756,69.69888604835381
4959,70.125,67.72858256547435
6438,86.63999939,86.53231222300833
3958,38.5,38.19825612717372
2540,25.82644653,24.278007562712308
10952,172.1300049,162.6787759090697
5790,47.47999954,48.98938085732092
7591,78.81999969,79.10861501740952
4437,60.75,60.72817244575182
10487,172.2299957,178.3965507752452
390,5.520833015,5.097376619528193
6721,121.2099991,117.90887404699362
1164,7.763830185,8.1139496897219
10045,142.7599945,140.07070103302547
6633,102.3600006,97.99911903454804
5202,79.5,80.43158982449323
4237,55.5,55.53248326595477
9275,117.1999969,120.85862292968152
6545,106.8700027,107.77846109918893
6836,122.3499985,123.9455046309221
4290,50.875,52.31014922902812
5032,84.375,88.12471804145004
9803,118.1100006,123.16806478578442
1262,7.406871796,7.547985365709214
5139,82.8125,89.0390334652138
3579,38.75,38.535328912455846
5164,87.6875,82.43037581058532
6629,98.66999817,100.89779153243313
8781,126.7799988,127.46205385184648
9979,135.7700043,135.2174037969642
9250,114.5100021,112.68317497681385
424,5.717504025,6.031534721000874
4247,55.25,57.310228220855805
10411,174.2299957,175.22008520741144
4994,89.25,91.02036649425204
11023,184.8000031,187.988237360353
2873,23.875,23.562487849827043
10091,119.9499969,116.18795591766829
3450,34.0,33.99025285858799
1617,13.30559826,14.065481695941774
4615,48.875,50.2214230018115
2908,23.75,23.131560307252244
3024,20.125,21.082013827363237
10732,134.1100006,135.96321397889886
4368,59.25,60.45601100378992
6331,72.44999695,72.9128745111933
7448,79.31999969,82.97767838735015
3273,22.625,22.802787030726062
539,5.408450127,5.58225271113697
4450,60.1875,63.807612507947645
2163,28.48522377,27.977809028286988
11042,192.7200012,181.09371471890512
9702,119.9100037,121.11221659628173
3611,44.5,43.97477353481322
10651,159.0899963,156.54987477933747
8138,76.08999634,76.85106075224598
4751,52.1875,53.164099119076155
11018,187.9900055,187.37369175573482
153,4.425095081,4.95814073629697
7801,90.16999817,92.95760819706051
8626,114.5899963,111.34855721035474
8598,106.4899979,108.28884323251405
4998,97.375,94.38705751752534
2762,24.77272606,25.081583973154622
2448,29.54545593,28.971749749055288
9613,131.5099945,130.85843055886147
8127,76.51000214,74.86870904080081
10416,178.9299927,174.13128910777243
2137,28.20411873,29.37031764951022
797,6.714203835,7.075045354528247
9713,124.6100006,124.87383321324243
9387,107.4100037,107.90676524585571
5929,66.34999847,59.44879486610825
8017,66.12999725,64.84768507928928
2039,28.48522377,28.5209491890576
6982,108.0800018,110.86836463342935
3907,38.0,39.73400025317381
440,5.619169235,5.879993836448559
6535,103.9599991,102.6659992960298
1789,16.2103405,15.329246254817246
9645,132.6600037,135.61920273810273
2543,23.96694183,25.073195159734432
7468,79.15000153,78.55456725259837
358,7.333014965,7.692106754739132
2693,24.65909195,24.64302902637974
9401,106.0299988,105.18187255387961
7478,76.40000153,78.95934909644708
3479,30.625,32.849986588965095
9662,131.4499969,129.31459884158113
3062,22.25,21.72124521074271
2434,30.26859474,31.113257181665674
6961,108.3399963,109.61473043892319
5386,68.37999725,69.26011519372517
3754,38.5,40.14570045283152
5158,84.375,86.63418439225688
2369,29.85537148,30.223218918117734
925,7.479113102,7.4985944312585655
5675,49.02000046,49.424156920515244
7761,77.90000153,77.5581223425083
1625,15.83553505,14.026032002152057
5524,49.70000076,52.593035612932354
1842,18.17807007,19.932989196406012
5390,66.5,68.6879071578426
8110,78.30000305,78.54148809304264
3930,38.5,37.09380643155277
10793,142.3600006,135.45626878173766
791,6.799193859,6.892988160362485
4611,50.625,48.439116425503464
1165,7.763830185,8.088482671487679
1545,14.14890957,14.610436795504825
10834,136.6699982,138.6197279704212
9329,111.3899994,112.24506770619625
2327,29.31916618,29.797107681997804
6496,97.15000153,96.49654702295146
2811,24.43181801,24.253026307577723
4352,59.125,59.18137341476969
9480,123.8799973,123.38410715527539
4876,64.75,64.8243129214012
9430,113.0299988,114.2848792278493
9316,113.3899994,114.61959987418123
5276,66.27999878,67.96300991495922
6819,126.9199982,132.16930723786064
7155,86.05000305,92.9067845419535
9113,98.44000244,101.39287116140565
5493,48.75,48.28512110863937
5237,69.65000153,70.74010594620204
2461,29.64875984,29.715097118968593
5799,46.81999969,47.491254942261136
2225,32.56591797,31.951058397356213
3107,22.875,23.191134010358635
6663,111.5599976,108.57839212117456
7356,76.81999969,77.5046841788947
1740,17.7095623,18.578874307422637
3711,41.875,42.82732233033086
7096,104.7600021,101.22201703799546
9221,114.6900024,116.59687464053239
10856,135.9600067,139.0511711448404
1879,20.23950195,21.060053408211747
4037,41.875,42.88389954122987
9517,124.3399963,124.71876273484568
9829,119.5100021,119.4515629744045
8461,123.6800003,127.30700315632366
11058,202.5399933,198.16437448074814
8478,129.4199982,129.641632154786
2723,23.06818199,23.648179910163094
3702,43.125,43.18651339676753
2116,31.57736969,33.17799705834508
4546,51.75,52.25028790852371
9714,124.3499985,124.84674528386492
10061,139.3800049,141.25026439636247
7507,83.41000366,83.07910785067777
576,4.589456081,5.290829339866991
9445,113.6200027,112.34698792072108
8702,118.25,117.38008864453876
9808,119.25,118.38339300432511
9335,110.25,111.01541413089838
449,5.593882084,6.1526937223324785
2027,28.29782104,28.426341614166585
9518,127.3199997,124.19595181374491
7619,71.09999847,74.02092769476687
3364,29.375,28.571552355762215
9396,104.9800034,105.09965778718185
9093,104.2600021,100.67256682766971
1233,7.139153957,7.834527717973282
5018,87.25,86.80340125194489
4138,50.25,47.52781458594737
7735,75.84999847,74.97669784418906
45,3.960175991,4.283923707463263
11242,172.0,171.81033776854042
9764,120.4100037,123.51899841381294
8314,104.1900024,102.43904477010821
4346,58.75,59.32912805118132
5852,46.04000092,45.87553921029008
2635,24.54545593,23.46195700990359
5486,48.90000153,51.550580849529446
6736,119.4100037,118.688145494526
2952,22.625,23.047963980926834
2624,24.20454407,25.352230418442627
1369,7.308709145,7.678993914379888
6491,96.51000214,98.71769194560333
495,4.805793762,5.428350996352842
6643,98.63999939,102.46423754176182
5649,49.59999847,48.301713675169175
6846,116.8000031,120.6064773078955
646,4.844426155,4.6995574719756235
7051,105.2600021,111.74819622667601
8849,141.2100067,138.3513533371678
7921,76.12000275,74.08111035834376
3531,39.375,38.69562162677196
9910,127.7099991,126.52626499244509
11257,172.8399963,171.8961680901623
2936,24.625,23.79479630744424
6833,124.8700027,122.68741267775727
9706,125.0299988,120.07940182693348
176,3.891273975,4.253105894156347
1924,19.48988914,18.3401939829921
10816,140.9700012,143.9806000863279
3379,31.75,30.756997710796092
8979,126.3600006,123.54862067421982
4514,56.25,57.70642236606458
7371,79.04000092,78.93260528297405
810,6.204265118,6.872424965891307
2147,29.4222374,28.980735379202432
6241,75.0,74.8707051386649
7203,67.25,84.17767824372791
751,5.69432497,5.954923093496723
5502,52.59000015,50.055107549617375
4705,53.0,48.71949980010691
3655,43.125,43.16136116139384
2637,25.34090805,23.406005722550965
10558,196.8800049,193.63742769319396
5165,90.0,83.21732172044368
3032,20.5,19.217559802793684
10598,182.5800018,178.17304674722504
724,5.439354897,6.09078419078906
8353,115.0299988,116.27674814362167
3135,22.125,21.98469640251207
7946,70.43000031,69.34123629587052
4729,50.0,50.71513945488789
5168,87.25,86.14892343372415
9253,118.3000031,114.5035241071072
2098,28.86002922,25.751668086401782
8061,80.15000153,84.69328966859243
8216,76.20999908,77.66413002317022
4200,47.5,48.56727434132541
3043,20.625,20.550505472765245
1843,18.27177238,19.501361599885712
11172,199.8500061,203.45867116378233
6360,71.84999847,72.28606133267354
3025,19.75,21.03904079681148
9800,122.9000015,122.78127223166308
2751,24.54545593,23.656775281378533
6010,68.51999664,70.49036761050064
4851,57.0,54.604201654336
11144,210.0399933,214.28737750445944
4511,57.0,58.65319769891041
1895,20.52060509,21.08340341252607
32,3.786248922,4.001413053418611
3504,36.125,32.485185821897176
8820,136.1699982,134.82191808804328
1318,6.692956924,7.0595063350742135
5104,93.375,94.08177753779637
798,6.714203835,7.086883917786078
4119,49.0,49.357229942691966
8994,124.9100037,123.15982308032866
3412,31.0,32.27873638396853
6823,126.2900009,128.25037840899103
7634,70.0,71.67706064605072
9577,130.3899994,130.32576188058317
4280,51.875,53.85873930764153
5673,49.75,48.64923022060198
1966,22.20722961,22.280120103775623
10781,137.1399994,140.55807546747226
